classifier,mean,std,accuracies
DecisionTree,0.703125,0.00.703125
Logistic,0.734375,0.00.734375
Logistic,0.723958333333,0.00.723958333333
Bayes,0.739583333333,0.00.739583333333
