classifier,mean,std,accuracies
DecisionTree,0.703125,0.00.703125
Logistic,0.744791666667,0.00.744791666667
Logistic,0.744791666667,0.00.744791666667
Bayes,0.744791666667,0.00.744791666667
